상권_코드,resident_pop_2024,floating_pop_2024,estimated_sales_2024
3001491,105840,52278828,451309752219
3001492,21240,173404731,2323168283547
3001493,54746,84336760,592441401861
3001494,38850,217027839,1233135489141
3001495,202576,96379422,1797325989068
3001496,608,2652928,605056265763
3110001,21422,3740117,2937864693
3110002,12682,13353757,27061382656
3110003,68396,13876753,6910047426
3110004,10410,14659807,3152458038
3110005,46028,4226091,4073759169
3110006,13610,319571,270749612
3110007,41896,21542777,166285200
3110008,101644,36163618,22972073893
3110009,35204,4508848,5400912442
3110010,65886,5443098,10804414683
3110012,43642,13672846,21773136031
3110013,7542,3102728,180475480
3110014,18944,1300950,2249980398
3110015,13048,1809723,4529455102
3110016,44664,817342,2840501002
3110017,15484,10558799,573115937
3110018,61030,11332847,8148864305
3110019,5274,14235700,13240694881
3110020,87008,46994325,12248151978
3110021,41022,32664930,11821669052
3110022,33748,13200352,6029776895
3110023,12684,12780836,5510562611
3110024,24982,8639595,9786224960
3110025,13546,8950778,2248830871
3110026,2398,8386872,50461479
3110027,59274,11011730,1755265723
3110028,87210,56533606,22855257765
3110029,117840,74377437,12812561229
3110030,4006,3808600,3185135756
3110031,9760,2117339,419482957
3110032,522,3199929,600216267
3110033,44050,16958021,3079911853
3110034,5892,8178536,1066509365
3110035,76536,36284049,5942334576
3110036,7286,9105240,2085875719
3110037,34154,22448584,4603612664
3110038,278,704677,18421419245
3110039,1996,2291495,5700949268
3110040,20052,4498262,3419101491
3110041,15322,7488545,31691737077
3110042,21738,5128408,5076136659
3110043,48300,21316507,11740160629
3110044,5088,4456987,2339257532
3110045,20268,15051300,27476896006
3110047,58996,14332377,1307139992
3110048,54398,22054056,16797011437
3110049,43496,18624850,21663313709
3110050,16706,10279305,5718918443
3110051,26612,22040897,10353164181
3110052,38196,15547390,46238625034
3110053,56228,26999669,12825798393
3110054,42716,25759082,29131764135
3110055,6210,12551034,2603316409
3110056,108592,47917598,29294716024
3110057,37066,19595663,12449331563
3110058,82986,37485250,71949647596
3110059,37396,16265458,6554421140
3110060,74642,20782412,20325261054
3110061,84694,33653554,5536730037
3110062,26962,20253154,44483395377
3110063,60784,22067999,33506798687
3110064,64278,34419434,41655078147
3110065,3674,1790398,205334865855
3110066,60994,38212916,20823599726
3110067,170616,56192814,16753242210
3110068,79892,42591015,36214150479
3110069,116926,58466510,81192788648
3110070,2384,1408873,825116515
3110071,11282,1770767,6635284290
3110072,2584,7040878,18138472585
3110073,10612,4617679,1193589068
3110074,69706,18683589,44599408117
3110075,69432,21830069,13285500734
3110076,432,1527828,4407798106
3110077,27628,12685990,6073018430
3110078,10226,2687856,16827239496
3110079,224566,56119114,38322796863
3110080,89762,42582644,9159497807
3110081,72966,42107166,37134001165
3110082,21244,9098509,31838552897
3110083,15850,2626281,807211531
3110084,79560,25577590,36103837870
3110085,58620,33456749,36196646555
3110087,33914,6001387,3818622190
3110088,39356,9631477,7771400634
3110089,53714,12892021,7976267866
3110090,42978,16091063,7801422754
3110091,3258,5448143,9155622102
3110092,74346,20520566,3209704000
3110093,125718,60087949,38374549524
3110094,7768,1983680,5257652048
3110095,50186,12330652,44662585409
3110096,21504,6471600,2433215496
3110098,4864,2331162,16954952209
3110099,38960,7466547,3902172368
3110101,14744,4248367,37975721
3110102,18240,13530258,16016811398
3110103,9234,7230101,292477462
3110104,64050,28801575,5886820431
3110105,63130,21699134,6771013624
3110106,20532,9195888,4416170147
3110107,6442,2983268,8464357507
3110108,66,2608752,1144868769
3110109,9970,9111159,9609014582
3110110,43948,25278081,5232132088
3110112,59290,20538955,19293475478
3110113,32068,4524610,1043239374
3110114,17426,9512825,4898588289
3110115,44228,20564161,21731776052
3110116,43162,16772027,1325786071
3110117,34594,14608743,3626364029
3110118,25826,27236073,31565621919
3110120,19276,12686460,2077573469
3110121,19852,4609420,1869979378
3110122,17612,8247067,32370822643
3110123,60304,21525049,10909766000
3110124,18104,9555767,10865851251
3110125,94150,23524259,11511221149
3110126,12634,6803065,1399329146
3110127,20556,3772806,5656522214
3110128,164758,36229987,71175647728
3110129,34342,5596451,8803889318
3110130,29502,12009552,1196452922
3110131,56578,22557702,236500109673
3110132,43244,14614706,3150210779
3110133,39072,11340318,3487994957
3110134,123158,41518825,26238419565
3110135,24874,6883720,6512423730
3110136,52456,27350848,58438309522
3110137,35314,35571025,138707176203
3110138,75536,29578150,10405150772
3110139,116732,51403836,21018693230
3110140,113102,55889927,42569205769
3110141,66146,43016250,17649369401
3110142,132968,46474458,29200367996
3110143,2484,4297021,7284714004
3110144,45528,10218546,4085631190
3110145,12364,5511241,1723822438
3110146,83702,39139938,13080167666
3110147,137324,30037156,43921298634
3110148,33408,14439057,8591891312
3110149,22714,6701278,1925702335
3110150,133618,44362496,12727579529
3110151,102066,34740054,26391083737
3110152,45024,6987832,6389162737
3110153,54402,9899338,687944153
3110154,96558,47490990,31428357581
3110155,89730,24041356,7038498120
3110156,135266,27321076,15450804206
3110157,125786,32091666,11269714784
3110158,146762,66124555,31423225593
3110159,194822,89609375,46753158045
3110160,40664,13882960,1230067825
3110161,107210,26075954,20657879630
3110162,82416,13375281,6218661046
3110163,63890,15975961,16702089971
3110164,72330,12278932,13843514116
3110165,92028,22925692,20889937293
3110166,135100,48790331,39612321556
3110167,150210,41192056,31518284624
3110168,56352,16705962,4635875075
3110169,55532,15041935,6716196317
3110170,137088,62228019,9019834205
3110171,53028,11119069,380524832
3110172,86568,25936651,10336169751
3110173,30340,10753407,5296319613
3110174,104790,20769674,19304086228
3110175,107194,32204763,4715235542
3110176,133378,34292717,9690761555
3110177,34362,3618131,1122710555
3110178,25214,8157829,2311823776
3110179,22172,12059039,21902462707
3110180,27322,6379365,42681337733
3110181,30188,30379451,3466757592
3110182,22228,20879103,2988758540
3110183,11440,13842075,3454528623
3110184,4818,6993939,2281952197
3110185,9216,15264719,1040997976
3110186,9628,4465183,7740165977
3110187,91228,66868366,51910326251
3110188,85792,22181936,16786788616
3110189,48262,23336804,17500403338
3110190,51244,30938225,8118049754
3110191,25952,34266592,14166926232
3110192,12762,6532786,11395635299
3110193,29878,19599644,2962629810
3110194,36604,12310758,27741155097
3110195,78398,38365393,31844809760
3110197,11596,6692281,1006633747
3110198,2662,6447707,656608180
3110199,22458,10445942,14192709878
3110200,17002,11526444,1493102715
3110201,11070,3385003,1210646517
3110202,27610,13062091,866936551
3110203,38768,19491728,4066987461
3110204,75482,33468008,45000545400
3110205,56022,48756863,23992984088
3110206,82086,36855635,9031211819
3110207,20072,14791314,4002401353
3110208,18760,9341934,309816502
3110209,14912,9241736,149591922
3110210,80534,56344346,16320182347
3110211,77776,59735143,14691362001
3110212,48730,22799474,16256824583
3110213,18172,12443283,519101070
3110214,59370,36143812,11577649748
3110215,45230,19614614,2792921594
3110216,25412,9413095,16516149179
3110217,12764,14132016,1193154881
3110218,55186,29984099,33176411253
3110219,155012,40851406,47360551621
3110220,43814,32548780,55425097589
3110221,22758,7965534,3117062214
3110222,3308,1213115,165000000
3110223,35714,9442151,1239777834
3110224,19768,15326525,13805180717
3110225,27028,10372312,9395633926
3110226,236054,71112813,183307580737
3110227,18322,13184114,14447002549
3110228,117252,41700166,46176552907
3110229,159544,42558826,105453483543
3110230,77384,25354242,24207946982
3110232,70352,19256350,101534913025
3110233,114110,35703830,17665463812
3110234,16942,8954526,8794810116
3110236,175906,48581485,11424835600
3110237,93692,26340228,45247094709
3110238,30692,3780035,37695228
3110239,5752,4285845,3481320132
3110240,28514,16673876,24008694181
3110241,64424,28673401,55671524267
3110242,92504,17464614,5255025849
3110243,101484,24786369,28811831959
3110244,35038,24418512,42237652674
3110245,49714,13600456,6688747722
3110246,63018,31380431,10767413955
3110247,131426,51101328,32266112810
3110248,35320,13351973,10056049891
3110249,141244,44664508,58562585698
3110250,32868,13855953,4000297811
3110251,87980,20124344,7214573665
3110252,100018,23660401,35987440480
3110253,72880,21803509,14444027725
3110254,156506,86503775,38980435575
3110255,136218,60180115,40432157130
3110256,175382,39541992,35440180253
3110257,90658,46311346,2036581256
3110258,125880,23396007,10298295430
3110259,85714,34334206,36596444252
3110260,48442,32285243,18809230766
3110261,107656,39265166,9966715769
3110262,93688,42828409,52714441298
3110263,157580,42630667,9491076345
3110264,212830,72352359,44653735513
3110265,23192,11416830,17147688931
3110266,117596,40835303,9412153227
3110267,97828,37699248,17969832588
3110268,56938,15634674,6431484963
3110269,32586,13119415,8099395329
3110270,25744,8728491,6466060000
3110271,5216,1235199,2838453295
3110272,79214,33011863,72402440661
3110273,49056,17962503,24559175955
3110274,145360,33791493,33688547994
3110275,19138,11594847,14991346130
3110276,10974,1255247,480025550
3110277,79190,29493780,17216923566
3110278,84810,26518044,33318920501
3110280,15886,6046684,268060725
3110281,23828,1827714,259923609
3110282,16576,1114466,3493554018
3110283,10984,3883346,8453419504
3110284,30186,2307430,754772589
3110285,43834,4105610,7011669745
3110286,57322,18071052,18034567741
3110287,37986,5719745,3478457171
3110288,40776,6883101,12033682467
3110289,114424,32655367,6235103922
3110290,29038,5037641,1371550212
3110291,102186,57173820,24842807826
3110292,11420,7550740,4985188453
3110293,53238,37828270,23273094276
3110294,149168,40455089,20556906140
3110295,108368,24792883,22679205733
3110296,40920,21762410,17160219853
3110297,141854,54975396,14274469414
3110298,14522,7185045,179214167
3110299,72962,50759279,43640816877
3110300,87300,77742500,19858361222
3110301,75744,36395966,9108479600
3110302,45800,10229702,11016684410
3110303,70424,35322553,8779137946
3110304,35966,23836470,14262331933
3110305,60136,50340578,14527185042
3110306,24744,4023015,3323151357
3110307,5378,17998490,3256185600
3110308,25570,23862723,22006479336
3110309,31822,8297662,1170504311
3110312,32114,13909077,35062838171
3110313,22588,37399109,58015592662
3110314,23524,19091892,56286288945
3110315,65980,37867934,18729758350
3110316,99690,78277690,46836447590
3110317,51126,16341731,15392443175
3110318,39184,26438982,16923528105
3110319,68428,30605827,33668558236
3110320,20408,5271977,5981495019
3110322,62554,20918774,3176255200
3110323,47726,36112476,10166782806
3110325,74910,25742066,13867741129
3110326,30086,10324742,14679288
3110327,75852,29288682,25008517014
3110328,47166,23397838,5759559752
3110329,54714,12046818,5909493133
3110330,44872,21218988,8559406927
3110331,71174,30018142,24007339262
3110332,17444,5991760,3504380459
3110333,29230,20229177,17816696010
3110334,59814,48243498,11116806086
3110335,93520,34391101,68820747369
3110336,49658,11271646,1540206722
3110337,60600,11888952,11591133643
3110338,45838,4631341,894168
3110339,802,638075,5190184490
3110340,32606,7908799,1133834717
3110341,48742,6695365,20807739865
3110342,58416,25220858,1788128541
3110343,101082,21955711,3063039218
3110344,23708,7987564,446739722
3110345,63208,16515597,23083912399
3110346,26184,18122929,14261919952
3110348,86764,50062263,9452150141
3110349,23768,14319528,776097502
3110350,62376,16344948,7093512468
3110351,65486,18314391,4399798093
3110352,106962,39384357,19611114508
3110353,48198,19684740,8836620439
3110354,5664,2297795,5012700230
3110355,67810,35442596,19577162537
3110356,70334,24943522,4325497578
3110357,36186,26700029,6670174254
3110358,78418,26911249,2899051040
3110359,140942,30911157,9319778289
3110360,87502,35722912,15550819955
3110361,54186,24564721,4157150566
3110362,117416,26820752,11069385591
3110363,20704,8038189,290768374
3110364,94770,41658147,17211005758
3110365,105288,44797480,9501114041
3110366,44826,15633244,8342714578
3110367,39392,34897691,17816314412
3110368,79500,64612943,3477777499
3110369,98228,32187009,33535762271
3110370,65392,40994493,17781382186
3110371,35670,19605697,18945371475
3110372,62394,36738261,14154934175
3110373,74160,33329698,5126384469
3110374,123962,65549893,8482563751
3110375,50364,13655929,3335877239
3110376,172784,84537800,39596461672
3110377,17314,18626407,8347708259
3110378,39864,20519542,9844440280
3110379,19216,4139735,1930430995
3110380,49852,17620184,65547080
3110381,21742,9977374,5741532962
3110382,16990,13620760,4268530231
3110383,13892,4905827,10941503019
3110386,7682,767524,3679207986
3110387,113164,38329507,13501127731
3110388,59584,17203899,8112264973
3110389,24076,9881001,29659313922
3110390,36242,18642576,27263399747
3110391,107106,13663036,3259128656
3110392,3152,3225491,27334296988
3110393,5006,1264801,16097057580
3110394,153368,27007099,33368030819
3110395,30664,8057152,5760258299
3110396,45172,24166543,65591551585
3110397,164852,40944729,96676056477
3110398,66590,21436325,44611953290
3110399,178788,44354279,23596246295
3110400,87262,34104255,25828697464
3110401,15010,4722828,6725298123
3110402,68532,19610658,13772902555
3110403,132608,38720730,31020438047
3110404,223606,89887999,49041703484
3110405,151292,40135531,66745889678
3110406,34306,6106122,27774187414
3110407,140366,24607687,39948542273
3110408,23852,9577063,21663020557
3110409,60758,18316363,23719464957
3110410,56706,16858490,35458723109
3110411,33780,13515565,3840164095
3110412,8250,3752708,3903523954
3110413,39934,2804039,3744738638
3110415,111612,48324248,87844050084
3110416,54204,21660693,34769860696
3110417,22210,10240864,2441222372
3110418,33032,21329546,3057595949
3110419,67290,25764075,64519981107
3110420,30782,14236814,17566598726
3110421,24980,11979217,41324106149
3110422,20356,22045439,8102421250
3110423,10350,8517297,9250942310
3110424,63012,61217499,35134373193
3110425,77170,22327625,17950846057
3110426,88692,41722615,8504192177
3110428,187392,93176513,37489425586
3110429,104628,51496428,50633303499
3110430,1028,2640843,72206871352
3110431,20190,12526837,95713764871
3110432,40950,10296549,9227638049
3110433,94756,35330620,3284115551
3110434,35616,11704489,2005775684
3110435,6198,2663485,10457684252
3110436,33658,11771161,13371013288
3110437,42638,37499757,6613845486
3110438,77310,39815995,69068386571
3110439,86564,23501019,8772586752
3110440,35322,13662215,8061606
3110441,48732,23320075,17168536743
3110442,8458,3848544,2102970298
3110444,12062,4320149,2683614618
3110446,34248,7289752,1250994199
3110447,35060,11224050,446290975
3110448,56506,14862855,4153747146
3110449,112114,24284609,20451187511
3110450,175424,49467827,30834111465
3110451,118366,28905879,14427105622
3110452,60394,21850927,7612219946
3110453,178996,39093485,22761239101
3110454,130782,29920084,8368072660
3110455,175876,37232395,22194367996
3110456,179936,39947588,14667629390
3110457,95882,16732226,7108855151
3110458,117514,29066472,12583186655
3110459,106576,28261113,8366048653
3110460,120534,38189932,55868159429
3110461,36296,7148422,6422307499
3110462,110382,25325638,4133241331
3110463,45202,15290497,22017914363
3110464,91744,13327465,19734748154
3110465,58042,37235038,18493643253
3110466,90646,25759753,6486228867
3110467,27494,17663788,28899424116
3110468,251920,76039612,24873595615
3110469,155288,45413434,49446217670
3110470,46348,15689007,6118699791
3110471,99860,37193855,51264496601
3110472,118160,32314563,18469535723
3110473,203592,44206201,27753244844
3110474,101334,24151143,3953543444
3110475,69898,15009900,10853229453
3110476,26470,3956149,467638134
3110477,68096,10240645,17571144886
3110478,69440,12681510,9327039748
3110479,80790,27692644,18097458158
3110480,68170,10698566,4274475072
3110481,76990,63519936,17951427108
3110482,31812,9512098,5066209804
3110483,71162,15747205,1638997383
3110484,177710,42829526,13941845373
3110485,58694,14442133,3629045654
3110486,42832,13336576,31109930057
3110487,7560,3603838,20072911931
3110488,69714,10545109,11661466059
3110489,28660,11183786,5847086973
3110490,110662,16036875,3661599472
3110491,29946,2576985,424526899
3110492,18380,590363,902563126
3110493,29740,9917987,665463455
3110494,17922,4416990,438130377
3110495,135872,32525584,37404271217
3110496,45432,22011794,37669990679
3110497,3986,3306975,1897895394
3110498,75492,48517374,14950202051
3110499,133678,53970041,2499260161
3110500,15958,4107964,9667987751
3110501,29184,6216470,1913456594
3110502,82150,41004280,54927453578
3110503,111270,43679137,31456382427
3110505,3616,1746154,851233651
3110506,11946,5402458,4053192470
3110507,141520,42978959,59783509160
3110508,46166,16290721,7098935552
3110509,80064,23045259,18435883534
3110510,23960,23395279,7565464411
3110511,128298,22908539,11933639606
3110512,73938,19042748,70913674
3110513,21586,7522218,9412819591
3110514,45374,18091180,3166722652
3110515,54486,8196978,351550803
3110516,24978,3630725,560945422
3110517,18896,5901366,6850161680
3110519,86416,27218478,8578534673
3110520,35328,16449334,9649884820
3110521,19952,15907400,8285275309
3110522,28632,8262598,1166565931
3110523,11278,2785178,933759388
3110524,5178,3563495,8320331372
3110525,11136,9244443,7422636415
3110526,26498,3452739,5624302714
3110527,58324,11038215,8235003727
3110528,33326,21393894,14383619864
3110529,73088,27769767,17983843798
3110530,5702,5508442,4477505633
3110532,43952,25514922,26606837817
3110533,23892,120069116,325468799
3110534,35248,14624065,546572868
3110535,28894,25184372,4541074199
3110536,15396,3121265,2769871697
3110537,21632,11392655,9583793452
3110538,8696,9924958,8107905704
3110539,10222,7165673,18717671170
3110540,60418,15360212,3732465248
3110541,102072,32110142,26855787087
3110542,108102,39270196,19630231976
3110543,21064,3082068,190870670
3110544,268338,122858245,82584012027
3110545,101044,13488948,33757315297
3110546,56716,18694338,3344941368
3110547,53014,21403861,28654632053
3110548,57352,29214410,11653214819
3110549,55474,27040513,8367112889
3110550,123122,42557651,106182866014
3110551,88438,33463007,11208485115
3110552,45792,19329333,8782692572
3110553,69392,20382920,8867815738
3110554,89556,27593236,12991320069
3110555,5084,5764144,5805045571
3110556,22940,5050938,291125258
3110557,69174,22417264,28737581904
3110558,180486,64782885,41474107839
3110559,54138,21401926,23559685522
3110560,32906,23611901,35961251236
3110561,47528,19517649,13777387356
3110562,61736,26891964,15632191523
3110563,16430,4936338,53912073
3110564,12618,20004519,43563587509
3110565,32424,9538747,5463182486
3110566,39654,38750691,68060995981
3110567,6070,6934439,557662219
3110568,10772,7851903,7796247124
3110569,41018,21766498,38013196634
3110570,11796,5332558,5547866503
3110571,48768,13701597,2334927321
3110572,59138,46241240,27325542484
3110573,4066,2771400,996023395
3110575,55612,28603465,3019670366
3110576,23492,26984290,54043203035
3110577,18560,14217613,36793210382
3110578,58190,47400552,44298548362
3110579,16870,8987891,4678117104
3110580,26970,17251103,1547743413
3110582,33338,13411335,15427510863
3110583,3664,9413910,5701651011
3110584,1958,2902413,69308854170
3110585,4746,4409407,1437367960
3110586,34190,40505125,27573985512
3110587,67802,17469722,4089804805
3110588,61490,27322177,4409160501
3110589,36900,4207268,1709622849
3110590,50580,41001351,10729023032
3110591,50068,31550074,35186544145
3110592,26626,6123743,1811531688
3110593,144362,27062246,29021394533
3110594,73232,10388825,6073059237
3110595,125506,20020675,38125105616
3110596,76928,14771776,7356312038
3110597,135190,27430739,23188336282
3110598,68766,13658087,21501347221
3110599,93494,23997626,6010282023
3110600,98944,14009276,21004195116
3110601,143754,35921191,21732009721
3110602,29794,4861946,3149380768
3110603,6964,2253607,13407719549
3110604,150096,28648751,18428636750
3110605,25726,2224202,9881732930
3110606,156546,38988183,43704004177
3110607,17982,4005276,908927157
3110608,193056,34661024,5093136082
3110609,52048,22101444,1572018300
3110610,67744,13366519,1090130208
3110611,102022,30981803,5460170221
3110612,179812,57262921,15436874321
3110613,10926,5341101,3281241026
3110614,50874,14992411,10902739070
3110615,22622,7376428,26827619461
3110616,19064,5562400,596322440
3110617,51324,12204271,910801029
3110618,137534,39295807,8207302825
3110619,29954,8568902,7762460313
3110620,186682,53311351,36254840431
3110621,15762,7190250,27455616696
3110622,89146,13205851,7385558656
3110623,3530,1983118,5673651459
3110624,52076,12903119,955101005
3110625,71686,19797383,66460030582
3110626,139238,33952265,4264611089
3110627,56072,33724717,49214290414
3110628,29670,7909846,4041670
3110630,130554,46799623,22965456644
3110631,83406,17823393,6572125988
3110632,33080,15247970,27566945302
3110633,9456,2251318,8358001230
3110634,178910,51592971,65281586976
3110635,61314,10254633,8293964207
3110636,27420,13659104,27221383692
3110637,42138,6185796,3866392766
3110638,126022,53495576,95572828224
3110639,59610,17102184,4040778722
3110640,57184,13315543,23087193242
3110641,34310,9826951,6116862705
3110642,17188,1947067,561773763
3110643,49616,16314765,54298629115
3110644,18208,2243050,6385024270
3110645,161144,35399612,71622131366
3110646,189402,47450590,41422698959
3110647,193774,61821887,15189043123
3110648,75992,3722416,66254746789
3110649,72438,23665170,45674081995
3110650,19406,3022064,5095803937
3110651,134424,19638324,28167187551
3110652,42502,8093664,7907523099
3110653,83686,24763751,14197650252
3110654,276214,73330409,43686628770
3110655,23540,9490055,23873734801
3110656,209708,139436894,85219090054
3110657,29664,14242773,75426288740
3110658,72186,22284936,13631348493
3110659,423004,121546773,56652348811
3110660,37888,18456054,99627020483
3110661,31474,7975604,345033744
3110662,277070,54968063,20238175973
3110663,32984,7080975,9448978349
3110664,12204,6657278,7184314887
3110665,118232,46396177,24501166386
3110666,40850,7052553,15504050786
3110667,13642,1173161,48108441600
3110668,198030,42316868,26543716929
3110669,17136,2028503,474272697
3110670,165668,36187808,7396062947
3110671,157064,49346362,119599053027
3110672,73038,17808447,449990079
3110673,92172,20805978,24729462433
3110674,2966,1431517,9779601476
3110675,168032,42189980,8187395405
3110676,72248,12048749,1764861818
3110677,33126,5803096,4667582866
3110678,25672,4717788,2649903049
3110679,22708,6076562,7532879719
3110680,37606,6392032,12431413747
3110681,4236,753797,1071004411
3110683,37492,6535084,6503200471
3110684,30474,4593542,4348795504
3110685,4490,2011722,4345610574
3110686,99420,22950102,16128908294
3110687,12488,3587422,1044861840
3110688,58920,21095078,3874620953
3110689,68966,20857216,12160154799
3110690,105578,45045384,49015276134
3110691,64564,18989683,14903463573
3110692,45410,21619771,1043322006
3110693,15342,2883204,1884628273
3110694,152108,50311085,14730431951
3110695,121762,39369966,44069917724
3110696,74516,18198414,5740052462
3110697,62710,13082746,2289417856
3110698,145160,17398547,4776895528
3110699,35576,12442797,9293433790
3110700,70222,25980709,962434777
3110701,26338,14240090,18878819213
3110702,52870,21305402,5145180675
3110703,43498,16124733,47031903368
3110704,2228,1291927,2285966367
3110706,14794,6787551,46509446122
3110707,46592,28273019,10272461345
3110708,28834,9587796,844450323
3110709,57922,28543789,4028240216
3110710,120208,61159781,56863499138
3110711,85788,33888921,14667733561
3110712,114066,54908015,26539469775
3110713,155892,70736843,51906715713
3110714,91286,35861878,77190014798
3110715,19796,7838129,3599410584
3110716,17846,9201901,21672473101
3110717,159634,80907470,48739635152
3110718,60506,23925634,68985080569
3110719,11110,7002383,729222589
3110720,53610,23499987,26803700895
3110721,56656,25041409,3214732483
3110722,87238,8311272,13446569750
3110723,17802,7681579,8921834533
3110724,65718,13549886,4575285827
3110725,38954,5786236,34298063290
3110726,37950,9055195,4339716041
3110727,40820,8448269,2986230569
3110728,35030,5588902,9820774395
3110729,64756,15617258,21097186216
3110730,61910,13960969,43433510855
3110731,22478,9073636,20192419504
3110732,60680,10780713,26346953278
3110733,8994,6789867,2403804311
3110734,6712,1009349,426332087
3110735,117744,27856418,22621766745
3110736,105030,19637073,25458969789
3110737,57662,29025040,6388912743
3110738,75712,19483164,44941698712
3110739,6698,714891,550160658
3110740,117264,37031690,12059635838
3110741,81764,12123752,23854525624
3110742,4622,1977022,11301781449
3110743,95260,21961953,15638723377
3110744,181642,47356585,33891079240
3110745,63878,13294527,25442224730
3110746,37374,6904580,9640112044
3110747,21810,4005430,8863887412
3110748,41920,11082196,15387362568
3110749,106228,14925436,29306109806
3110750,102182,20990057,19692753782
3110751,122782,27030279,5564623828
3110752,140122,22015426,35304459145
3110753,154250,26627040,42708627685
3110754,112014,31710240,22280405007
3110755,31238,6989288,18096837405
3110756,57044,6238515,3648313010
3110757,44072,5393060,55270096210
3110758,30770,7994405,3136923371
3110759,27322,89510599,303157769752
3110760,25070,18044257,33600226480
3110762,241698,43201339,97053388498
3110763,27166,12760317,20267043440
3110764,3022,1328786,2430494488
3110765,2656,7596114,5066748869
3110766,53100,29540422,15021786423
3110767,18342,6004163,626646096
3110768,28982,5800147,975388597
3110769,16010,12754238,6337403071
3110770,41184,22617421,8789157085
3110771,14726,9217926,172816704
3110772,27258,8757934,60608994674
3110773,3180,2157498,254716594
3110774,28744,13131076,7810327438
3110775,16692,5624744,7876152729
3110776,73532,21413168,59505603987
3110777,2890,7305975,432761267
3110778,90472,32930585,41354939824
3110779,6554,4119988,463705920
3110780,72834,9123459,11338654189
3110781,74088,31037858,7116615259
3110782,16084,6406607,5412197924
3110783,16668,8887982,8252602193
3110784,22172,4544203,1035220103
3110785,75354,29510261,14457570249
3110786,47616,11335890,3350957438
3110787,70492,43318826,24822988687
3110788,6220,2216971,96912404912
3110789,37202,14489128,69750617302
3110790,72086,19398631,13563758621
3110791,4928,2592171,7586007732
3110792,85958,55154537,22321527909
3110793,66,776854,1709533709
3110794,74732,20834845,10661681099
3110795,42484,28917261,945719178
3110796,26730,2847492,3939008366
3110797,4776,7006578,6572729278
3110798,12638,3678855,1819585799
3110799,14076,5182485,411554163
3110800,18462,3835663,1215521591
3110802,28966,13682330,2852472421
3110803,59568,33649182,11444516951
3110804,47686,24428932,31876342974
3110805,15654,7573270,2143886425
3110807,45098,11581778,1241609966
3110808,14250,12059065,45223240
3110809,15942,11626225,11880014295
3110810,74524,39815326,61570724774
3110811,36986,11997252,5725802728
3110812,31478,15279374,33483770900
3110813,52836,31336164,16968616694
3110814,76702,32072722,15507012902
3110815,107602,36616777,50074784934
3110816,39906,18414517,4245402746
3110817,17952,8584795,3003340174
3110818,17556,5655970,1710040288
3110819,113874,24082931,43104473172
3110820,89400,22237354,20973178050
3110821,135064,35538332,9055501791
3110822,110762,17419478,1625387652
3110823,76424,19248661,3667871220
3110824,13208,6371932,30121154890
3110825,196336,52201397,5925319534
3110826,94802,18788119,29741796215
3110827,52506,14728970,19622818859
3110828,150724,44274325,14900421095
3110829,58502,21486039,641367110
3110830,90980,18428899,6970784042
3110831,58578,13733706,8576186933
3110832,71568,14762067,6508167137
3110833,49600,13569849,5856507269
3110834,25820,4049876,544084707
3110835,26130,4488375,4896683204
3110836,199572,45248948,101945580484
3110837,92608,45174688,47016631488
3110838,2348,3418827,3734268408
3110839,43326,19690211,23857526804
3110840,49518,26253315,49185732538
3110842,11542,4916514,23310137958
3110843,36922,13606674,4581475631
3110845,36070,10764042,1075624944
3110846,195096,71840440,41426561178
3110847,98896,20139551,5570273799
3110848,106090,34800821,12736972391
3110849,72606,44643477,7004932342
3110850,180802,67412433,77971043485
3110851,86964,28028314,2582189428
3110852,40788,16172477,12382006082
3110853,51050,39108803,12737231693
3110854,47674,8891005,3674185636
3110855,100266,36296754,51129701107
3110856,91982,22575825,36887223272
3110857,107932,28862130,10215351037
3110858,18382,12964766,8355533872
3110859,64076,12290077,4780481228
3110860,52306,11984512,9549002458
3110861,156756,48641494,69248897062
3110862,51664,16076324,9176110942
3110863,88110,25128839,19871617034
3110864,110504,40609657,8587073101
3110865,193748,56005113,72089564582
3110866,107608,28279485,8785505305
3110867,77722,30105471,7640920732
3110868,67596,22646961,6098469275
3110869,244902,105099339,45310688385
3110870,45558,9951898,125995119
3110871,48312,18626947,25104914115
3110872,58130,20453543,2040720342
3110873,103214,21875796,29979761264
3110874,62286,50277198,941477389
3110875,68044,4626193,3580197392
3110876,59494,12923620,3113248809
3110877,77936,31804966,39231151570
3110878,39792,16212990,1698414424
3110879,34604,8423400,5705811618
3110880,31468,11892004,11086322078
3110881,223788,106110084,53358509035
3110882,114044,41659795,19577141712
3110883,102550,32452909,31076228866
3110884,27974,19407720,10389245147
3110885,147800,37876954,14970076655
3110886,76452,28345235,7058041532
3110887,41674,12823098,81880115
3110888,29680,18930318,8792541887
3110889,50732,11330987,1175950447
3110890,70186,19498241,4914568848
3110891,17640,5277612,5333621257
3110892,258636,118059948,73395076849
3110893,6224,2131606,2464971031
3110895,190738,93750075,84997579544
3110896,5286,4743595,8502604097
3110897,116788,42504042,8033315878
3110898,53880,13569396,112519785
3110899,68716,21250899,594477378
3110900,140146,41457791,16383821319
3110901,108072,30618268,6917756900
3110902,211356,68670342,61913942998
3110903,90494,22858492,28092538565
3110904,21610,7298580,14162452347
3110905,83994,13690600,5374735912
3110906,26352,10456404,975218087
3110907,76756,23035981,11771945815
3110908,3690,1603469,5756716372
3110909,16818,1679840,200483141
3110910,51620,9412224,2900607113
3110912,6998,4609709,36189308366
3110913,72752,25548692,72765382907
3110915,33420,5118073,7102558989
3110916,85868,17404673,9252526658
3110917,19550,2903846,14510787066
3110918,64906,26166411,5960145438
3110919,65274,16578426,1357289847
3110921,25038,8416010,2279420912
3110922,58296,20188525,1426582652
3110923,10288,1500149,167457004
3110924,53256,13358372,4767853314
3110925,67152,14596445,9237078928
3110926,80912,23981255,4137923922
3110927,9070,4517930,15800318023
3110929,95548,34108733,4989233779
3110930,42338,13614801,9757650686
3110931,3260,594977,3193388244
3110932,14136,6254759,823166868
3110933,10344,2363794,20979065599
3110934,61962,10594932,12168441436
3110935,23818,13866675,279914511
3110936,19202,4974719,20208917069
3110937,9492,1763430,9308855827
3110938,16348,6287622,25024872610
3110939,134114,46680014,72555125392
3110940,23866,9419490,687062823
3110941,19246,4908248,1288616941
3110942,187206,44037546,56905696087
3110943,34908,12241439,26489312834
3110945,6794,858228,66869759
3110946,2018,31556,8495112048
3110947,7722,881390,6943410679
3110948,2924,15785,34761900
3110949,12430,9076758,8421112506
3110951,20388,14128388,2618607404
3110952,19008,5866551,290477442
3110953,20818,10765502,254743317
3110954,9658,12658866,11716316370
3110955,149560,66833154,27484268410
3110956,11818,10640894,858437562
3110957,37824,21521031,10587866352
3110958,17456,16163298,870059599
3110959,7724,2873328,18471769958
3110960,16388,2656395,221386063
3110961,45428,23562111,19046382604
3110962,720,2615143,10144025415
3110963,38170,9403286,417356815
3110965,49912,22146598,1848141946
3110966,59886,41526481,19667119621
3110967,27664,15597179,5896494389
3110968,11910,7566523,6031993143
3110969,27220,18845058,3232261306
3110970,21116,9150653,4989098238
3110971,83316,21306796,19731269373
3110972,42680,7546710,1478311590
3110973,50062,23396091,9074246962
3110974,31596,10871969,495385348
3110975,19526,7340679,7699602307
3110976,43376,18065054,5235256250
3110977,15042,3603242,2416996464
3110978,7656,440644,628474094
3110979,24290,7157724,9753173077
3110980,56522,12555180,1968817325
3110981,45356,11780247,19784900224
3110982,17882,9228912,3846584848
3110983,59052,11606940,7243761006
3110984,93774,22098608,21661831126
3110985,20612,7473277,748463360
3110986,15710,6978960,401597924
3110988,28380,4024970,3352406651
3110989,33172,15940811,10477366826
3110990,3368,1237125,190409093
3110991,7144,4976788,51143295432
3110992,170758,49509143,84289689425
3110994,37504,12951961,58273700590
3110995,59224,15822788,6319538693
3110996,41312,19316911,32469058406
3110997,157920,57440876,145613749055
3110998,11500,2315841,10376485921
3110999,67074,4307351,22464378901
3111000,9036,1520088,6806866409
3111001,32192,1631398,2058371624
3111003,238744,51768628,86009880198
3111004,217224,58024716,134340542411
3111005,189736,35493318,43099713889
3111006,192938,55497769,80264526766
3111007,182070,28682216,19960543941
3111008,106794,17104165,28104384697
3111009,24240,6133559,1949007241
3111010,200462,48044974,55933786340
3111011,6846,1293024,37606120880
3111012,136562,26910732,13117394959
3111013,190220,58667898,83546114034
3111014,70224,16119682,37791614635
3111015,227404,47453852,43957348061
3111016,73376,18905392,2713978004
3111017,21468,5881031,822037996
3111019,189896,37150046,17659540606
3111020,14752,4799666,39912306327
3111021,213056,62953660,147766132942
3111022,60966,10986134,4094298208
3111023,44410,20200539,24916913708
3111024,33444,8956312,2689259872
3111025,65992,20851796,4611339130
3111026,99294,25357084,43004428706
3111027,118210,27735944,35988856763
3111028,39332,19347874,31875419429
3111029,27506,5120563,7093018547
3111030,39922,26875889,22207808877
3111031,79370,21291312,18316063061
3111032,37840,11181871,115241387973
3111033,14884,2080058,7426028990
3111034,106256,19598971,41169135653
3111035,85338,19954177,6466473746
3111036,29078,9173034,22641950497
3111037,11572,5660427,2516415668
3111038,54116,15850342,26082937948
3111039,43490,24268995,16813397559
3111040,53112,16530510,263951710
3111042,122570,47325343,37139525914
3111043,65308,16670200,3584419194
3111044,109164,36845983,68080169613
3111045,47788,7166608,126302334
3111046,195206,51615892,171508268588
3111047,55064,9126397,9566698916
3111048,51416,38568427,7028216959
3111049,85986,32642039,18996820754
3111050,22374,9536822,1500011120
3111051,150586,73605745,40250868223
3111052,120792,31373230,30358193159
3111053,96930,29107799,45648299339
3111054,9194,5260682,3208599590
3111055,2166,794712,1063355701
3111056,19272,8390690,4562311186
3111057,91476,23255412,114311893637
3111058,34596,13227510,1378044596
3111059,243838,85603716,83553296266
3111060,212930,82127070,61461069034
3111061,207488,67066168,27318002916
3111062,77288,20218409,29136450977
3111063,133598,38160519,9290970187
3111064,59312,15048167,5299092305
3111065,60742,17158578,757186976
3111066,120324,35690086,9818825956
3111067,205938,69135331,20657839012
3111068,7898,6358787,21276663849
3111069,111802,62381010,2677542083
3111070,58056,65231423,3147019140
3111071,27272,12503097,1460445792
3111072,159536,52786604,32097349701
3111073,156352,88774294,37314399448
3111074,50448,14879046,8300759909
3111075,94982,37187069,9836618172
3111076,42794,11366002,16580745242
3111077,252128,84121541,87631388785
3111078,207908,95773665,43323537783
3111079,45002,11097723,7282288060
3111080,65650,14383406,13119201290
3111082,24932,5032445,661253665
3111083,71138,23548392,13638706476
3111084,21994,4600040,1127551792
3111085,94844,22075220,34204997429
3111086,53300,9717454,26566380513
3111087,54502,6497834,10183724891
3111088,44906,7848581,15196846758
3111089,82072,21308490,79537662874
3111090,19512,1470236,31521356327
3120001,14794,28722833,118014351063
3120002,35086,32981999,127692580038
3120003,62698,31886980,343940481206
3120004,9162,11145835,119157966136
3120005,25458,8226321,90473618931
3120006,8920,64363826,535466423711
3120007,32998,19851737,177937079422
3120008,7910,31166446,176901265042
3120009,78562,151104088,1618181711425
3120010,18224,25090622,108179667312
3120011,21114,15895627,80471256771
3120012,42832,89344700,293474490634
3120013,17528,22882602,39735173093
3120014,20278,25793591,318885198652
3120015,3434,13596339,29202523153
3120016,13160,27474785,50534769373
3120017,23298,19589207,113299377351
3120018,40080,11405817,115961457087
3120019,8102,9895780,18560749863
3120020,238,1608821,81218372495
3120021,460,11847753,164935411889
3120022,5226,26961474,316740590375
3120023,368,13094279,212606186051
3120024,34484,18082081,55014036073
3120025,5,2766230,136274625897
3120026,1520,20185101,223115000102
3120027,25942,18849755,177532676771
3120028,2492,41939478,556634728949
3120029,342,4528028,26988262492
3120030,7828,31664226,55546199613
3120031,21184,54140956,470104882747
3120032,52670,45365600,223131639249
3120033,1772,17432508,178632397979
3120034,30156,19258953,32717763527
3120035,7966,14782366,17366759038
3120036,6602,7006564,35676550300
3120037,43022,87616580,474872429038
3120038,47476,28866604,183869605941
3120039,70882,62420722,161128383455
3120040,29590,29124563,3011996065702
3120041,131986,49802181,222565370148
3120042,6076,9000505,70423187868
3120043,18730,23198017,298120753746
3120044,41074,17035731,49457547094
3120045,13964,4230621,133865865756
3120046,58784,35734091,415055059855
3120047,36712,16035535,170581827520
3120048,31920,22643663,80251072547
3120049,52834,56109130,104186180064
3120050,19024,5028610,9712280736
3120051,47084,58383289,171323391237
3120052,22432,33405846,322572341302
3120053,94868,69629042,430392940974
3120054,89996,38960901,91041702129
3120055,135020,57390930,295851889526
3120056,91202,38111816,190049731739
3120057,76086,32700817,142701438213
3120058,39904,19475977,72380370972
3120059,93138,28019900,110541900325
3120060,102,7005320,317661226047
3120061,5112,9982423,160711355932
3120062,75360,48059018,197383830377
3120063,34844,20403464,245420607691
3120064,15004,26250194,100976991489
3120065,43058,29878485,48546109739
3120066,98698,38326480,383632544354
3120067,133262,39925973,334908000344
3120068,14444,8653214,103558030512
3120069,138444,45159150,148719196367
3120070,24030,15607537,137867336514
3120071,20842,13203393,33469899884
3120072,67710,80439695,276154899181
3120073,17146,7120810,46472415025
3120074,6342,18823806,46202070419
3120075,48262,11138357,71245512241
3120076,124090,122937485,564893902490
3120077,38392,39908014,122185990235
3120078,11202,30294297,217545693165
3120079,11066,12085025,194689011104
3120080,180,2949628,131823468085
3120081,23618,113825573,685481441033
3120082,1864,5540674,45251274911
3120083,33550,6432545,253437512843
3120084,31894,16487936,76695555053
3120085,3710,11934352,194754032429
3120086,37190,12030586,54336830438
3120087,49928,21176817,62257460769
3120088,35882,12469863,155573327314
3120089,51002,7818472,34515827977
3120090,62136,50509997,197325567244
3120091,74406,18573267,106119026607
3120092,28036,13743933,29034804126
3120093,24314,13890268,157754278168
3120094,80954,158974307,500468613736
3120095,29628,29831165,143240498771
3120096,57076,32103568,122082103061
3120097,15518,13379278,17001829710
3120098,24174,13254963,218933601858
3120100,23834,14170513,117018846153
3120101,140176,41656723,246044712182
3120102,68924,61558122,144263918540
3120103,92316,105033412,784953646241
3120104,156124,117540554,358184086045
3120105,29238,27049997,72927641712
3120106,70950,21808498,132442353420
3120107,51106,36151865,178610134058
3120108,73880,23101750,221831751489
3120109,48210,17027185,61097964806
3120110,47340,28267879,199535941998
3120111,53748,19078461,83869382196
3120112,99264,35154704,124689722983
3120113,73746,51091958,251407549445
3120114,220164,33718708,336696842554
3120116,18638,6786956,30106598061
3120117,1528,287870,525167829519
3120118,32172,3174785,71951783220
3120119,50696,24488917,315114467560
3120120,61018,45589203,152633734505
3120121,74310,66481263,135848308847
3120122,136880,46395376,139555148298
3120123,107344,18485257,110430496549
3120124,79932,24083992,93983567904
3120125,44350,18882596,730936105302
3120126,13438,5516884,16645751801
3120127,113974,16442530,120113542292
3120128,62002,14627288,163943965337
3120129,31932,18209543,482525684146
3120130,46480,34587290,265803675674
3120131,90198,27797801,3761315343338
3120132,149420,26136140,178229088213
3120133,13752,4007654,43442116212
3120134,73236,19239467,195742077385
3120135,11124,11337489,9776691964
3120136,63892,47909616,164256701568
3120138,35818,15265934,53530045424
3120139,50882,23412526,393828532872
3120140,23582,3166966,46128359581
3120141,29218,12693019,21925419210
3120142,35334,44947377,147549196988
3120143,60300,28735893,171452446587
3120144,32754,38785591,94078881337
3120145,102726,98062971,773386260356
3120146,50226,12467529,33282713226
3120147,24556,22024786,67447242722
3120148,49572,10196715,377693544328
3120149,62474,37262850,975611265029
3120150,14036,1466333,127911683004
3120151,102846,32969590,167868310659
3120152,61098,21338611,175139125827
3120153,49390,45182343,5419195798678
3120154,20298,14122552,62109366688
3120155,44990,5070242,523927451
3120156,94486,89760568,377851780489
3120157,185794,116057118,303623293550
3120158,45958,21271422,93307625873
3120159,183988,82431817,376230425856
3120160,86024,52604117,296359297338
3120161,28746,12402256,32831597696
3120162,49190,17170044,79424534742
3120163,74358,35243627,6969938214
3120164,63380,32658352,203470045300
3120165,33938,19525541,171872715004
3120166,65392,25549453,289790442735
3120167,6546,14519507,352332799764
3120168,7544,6994528,22034112390
3120169,45576,38223137,221919963849
3120170,13078,26732223,231189404158
3120171,66070,36063732,222932722702
3120172,72848,50556902,137001868652
3120173,112044,109514924,578527911434
3120174,30582,9861652,29878610604
3120175,85680,34932558,159385067728
3120176,107842,46691104,7946871160
3120177,99404,41463603,18126498730
3120178,81280,82333326,711182230971
3120179,114304,59975833,372471742236
3120180,29562,3329980,26471074889
3120181,21668,11720433,120372802362
3120182,41328,17533727,172201346663
3120183,26720,10817959,126671990425
3120184,124782,47808535,373137756572
3120185,80200,66964237,501668755186
3120186,68958,58846242,463672838637
3120187,115862,92830657,661975112292
3120188,27254,49931510,754845929192
3120189,136844,192572616,2092618835020
3120190,50698,40001362,291233432711
3120191,97700,51909298,256978975988
3120192,143670,58420075,348465343609
3120193,24940,19295836,255766772534
3120194,56322,48574033,192407167110
3120195,9674,22808062,373823250759
3120196,30650,18757146,68383376935
3120197,126420,116732375,750707412140
3120198,158666,63503341,133108332696
3120199,18068,14291426,67257578289
3120200,21910,33834408,610575325360
3120201,40462,27595920,109770132191
3120202,39924,56564775,636414245777
3120203,31490,50137137,291274436124
3120204,35656,48826966,84808807218
3120205,24070,14221875,150702868781
3120206,85980,31636935,70735710956
3120207,146696,56504319,168887859457
3120208,72764,38444537,610136783357
3120209,28774,20213063,247118405782
3120210,102604,130148366,657900348717
3120211,35534,20260738,114934343881
3120212,32722,25349320,293252318310
3120213,90430,56019998,170121201484
3120214,13720,8456739,40408956572
3120215,75362,84475418,466294814954
3120216,4692,5026619,36805014723
3120217,83154,38714305,241464190409
3120218,558,1200134,133646176422
3120219,25630,28147026,681546678237
3120220,28418,13324010,322214221391
3120221,14688,12434564,88244870364
3120222,13612,25541704,663232229184
3120223,6636,7886508,208085454130
3120224,11526,6556800,255128959965
3120225,90518,66226226,768743029221
3120226,41642,19234541,174603179883
3120227,117922,27446791,1581433298700
3120228,94512,54330315,184658767391
3120229,60818,41089767,327809342918
3120230,33548,19358612,105939965669
3120232,19178,9543208,58970455882
3120233,70870,21805604,99700385761
3120234,54078,43638041,200384378053
3120235,79898,11973753,278097419492
3120236,3654,5051378,337178521595
3120237,81234,53875470,140228287136
3120238,11314,7446526,77732854741
3120239,89544,33925582,42230955879
3120240,79356,43194498,129479391063
3120241,41402,16090833,126751056661
3120242,79742,42850635,102909122270
3120243,85164,36999035,413045900094
3120244,47452,19269077,146104345096
3120245,58324,28576075,221013905917
3120246,132876,99144611,270818323164
3120247,39088,17104732,105977557627
3120248,49754,37016633,223690453057
3120249,28032,13351932,380250307374
3130001,15378,10012015,51030724866
3130002,12626,16456470,80822973673
3130004,7114,2813311,14743770958
3130005,528,3241867,6053762453
3130007,2144,13767915,120516142184
3130009,18,1746782,2476791002
3130010,2102,29522673,82211846290
3130012,34,1592932,6428917035
3130013,872,1175711,29787970482
3130014,2642,1202302,25511847123
3130015,14914,19184229,29177082139
3130016,1104,1175711,4044456966
3130018,2980,15190008,145974864576
3130020,9444,12132420,16429391844
3130024,1302,54476927,618586975963
3130025,19,2018216,57566561832
3130031,962,9608778,18742312636
3130032,3236,5838878,39358077550
3130033,2664,1617349,111641482721
3130035,6868,25291107,217553536816
3130036,8900,25520726,279956952180
3130038,904,2572271,19943054
3130042,12044,10457980,48770202984
3130046,42,1879854,5485054474
3130047,166,3759708,18001922570
3130048,924,1847846,62549088776
3130049,3382,3991693,11909788838
3130050,70,1604006,8789487781
3130051,32640,29018307,17014170261
3130052,28982,49659436,170469984528
3130053,22160,21430190,83511451425
3130054,26742,26678987,28146808124
3130055,31642,23233950,26444770294
3130056,14626,15406506,119746926318
3130057,636,797459,18956764900
3130058,2186,3451239,27721887601
3130059,15556,4760194,29200224106
3130060,1894,9240631,5620735976
3130061,1382,2186128,14671099076
3130062,1956,650421,566844325
3130063,9536,4611936,14911827400
3130064,4380,14668042,22842269796
3130065,58080,27187995,23287999665
3130066,41006,20502640,103691474223
3130067,76042,32158909,112683729892
3130068,37822,28056308,29156136725
3130069,11632,17312146,61719015015
3130070,31498,12406845,91264351818
3130071,114,1027853,21194855450
3130072,94586,23466363,100536322640
3130073,11410,13069609,53920868595
3130074,9990,9643199,5004185678
3130075,2108,2967745,1758527605
3130076,17174,6023467,12018585695
3130077,1670,1284244,3433846
3130078,19816,6055861,13010385477
3130079,7190,2597799,4326286665
3130081,42502,22996975,39407626120
3130082,5094,1835413,2809129182
3130083,18104,6377270,89151482109
3130084,4736,5542206,16168873663
3130085,454,1095230,75208410
3130086,44224,34043046,248547135012
3130087,1576,4000984,348864607749
3130088,116,1827748,441911251358
3130089,7604,1890240,166444490123
3130090,2382,10377763,909972127375
3130091,13668,13860174,70596072848
3130092,8920,11334625,350526757872
3130093,48,1831656,587264686657
3130094,1392,4068057,900544658225
3130095,8886,10720433,76850734899
3130097,33610,17617679,38261999591
3130098,27498,9977242,12749450985
3130099,1672,6753842,17209235557
3130100,9314,6232320,20310930889
3130101,6062,12469235,11649547623
3130102,1556,1546399,854472119
3130103,5208,2462848,1626074443
3130104,12934,2471029,21748162501
3130105,23832,7567102,7702624609
3130106,29002,20873008,60773727208
3130107,3890,1196811,2387238005
3130108,6820,1299520,728965406
3130109,18270,3566530,12380335895
3130110,35886,15142558,66157820522
3130111,44372,26136770,159270092560
3130112,44610,24310098,52296666964
3130113,2792,1340284,42086075131
3130115,46764,20604947,89361123570
3130116,5682,698624,850624289
3130117,20208,11583913,59328039696
3130118,13418,4667716,3656058175
3130119,9742,6565546,2846537404
3130120,5226,19118662,81278535180
3130121,580,1313778,6696221133
3130122,5034,2170363,103701546
3130123,7444,3339101,6433975937
3130125,18192,9942143,8989409601
3130126,810,961870,167003844
3130127,3342,1920809,826980629
3130128,39100,15277494,10397000308
3130129,31620,10181274,13457002478
3130131,522,1460662,17221475517
3130132,15120,7621041,24788855330
3130133,35030,12124163,26195420402
3130134,2940,3415030,22836483070
3130135,20564,7544211,11052541485
3130136,11950,3694076,60000000
3130137,11618,6853736,175398949456
3130138,4656,784708,465236324
3130139,49478,14780946,52419467315
3130140,4734,1699029,25034444409
3130141,22776,7214223,6065960964
3130143,13008,6949276,9428964065
3130144,9218,1947441,67680198
3130145,20320,5683544,15439724922
3130146,75284,42101266,83086752084
3130147,18168,12869158,42899214001
3130148,24016,6472795,78755091769
3130149,50158,18001764,39942601571
3130150,26314,11550799,27709137069
3130151,3724,921048,8315988044
3130152,15716,3692391,1987672471
3130153,3626,5295405,52003904335
3130154,1892,668221,2590030169
3130157,38124,29022495,50182005823
3130159,37060,13703612,55724620339
3130160,2014,598676,3008921219
3130161,3102,446973,2448387711
3130162,2770,2695657,64062397
3130163,32600,10906662,57950397659
3130165,11026,5269642,33668592644
3130166,4322,1648180,4741895410
3130167,33640,38857055,184129803331
3130168,5754,4061330,82583550156
3130169,41360,15700871,15096602983
3130170,1532,2281705,63573842164
3130171,26228,15065153,63457141431
3130172,2416,3627890,56667742286
3130173,3082,1538908,602914575
3130175,108,2139483,10111673655
3130176,6302,617481,42780596789
3130177,5698,822752,176708344382
3130178,856,1239916,4869286293
3130179,28458,24022026,54174676009
3130180,12912,9565168,13459338792
3130181,14006,56763981,17186291057
3130182,9886,14167847,48265726201
3130183,60002,32120111,102142497361
3130185,17930,6400361,59926227263
3130186,40426,7507412,49152031115
3130189,550,2217181,3546029572
3130190,7438,14308517,89620701566
3130191,11308,15027956,175658388953
3130192,694,1192410,121129145
3130194,14722,12112308,62379806751
3130195,55180,40543034,158369052872
3130196,232,936172,26338915202
3130197,1374,2277328,42488051839
3130198,13766,10320598,30699554490
3130199,18600,7742585,2096072937
3130200,5680,2019480,3502663080
3130201,31166,5895781,7708291398
3130202,25118,4622284,49920453947
3130203,12532,2964714,16147668694
3130204,17416,6121127,30902749802
3130205,3172,1047167,74635496288
3130206,986,1166608,2147583024
3130207,3880,2718813,17411652358
3130208,26926,8632352,86217446718
3130209,35862,8365261,26559132005
3130210,26576,10161841,57347688060
3130211,17216,11043570,1363688453
3130212,8278,13192442,3416425395
3130213,11222,4186141,36845291347
3130214,13652,3113916,86442775477
3130216,21572,6648758,27682024631
3130217,7336,7255079,44086370110
3130218,1672,1273011,4550902749
3130219,21368,26482675,88411867978
3130220,13168,974574,1285298283
3130221,44970,15534620,94482051727
3130222,3232,7714342,15590806066
3130223,12162,6194197,60149326335
3130224,2532,370923,733509397
3130225,66062,13600053,52229958218
3130226,644,811662,3462462770
3130227,5838,2626570,28723103532
3130228,4784,17130233,7984423897
3130229,13934,17116100,132930210611
3130230,3740,2642054,9332175483
3130231,23564,4521567,847126884201
3130232,18816,4265957,20453595657
3130233,33378,5042498,34979340536
3130235,21144,6423185,102144124978
3130236,46266,15501241,129419585289
3130238,26012,10377385,29965703953
3130240,5110,738576,25383396947
3130241,29782,8158665,45175418749
3130242,9550,6778221,23484882138
3130243,1516,1321498,73626442
3130244,22220,8686873,48172982938
3130245,3892,7619743,203313278312
3130246,36510,29579627,691935545675
3130247,8312,7202806,18223307789
3130248,1012,3029284,226109751187
3130249,3296,1002788,4968922308
3130250,152,1146630,2359617958
3130253,780,1121911,5816784546
3130254,52,958636,47278781
3130255,19830,14360147,67509808101
3130256,962,2956386,1008223375
3130257,13012,4409829,8559566382
3130258,2092,914761,18947642040
3130259,4884,892177,241609027
3130260,11550,3852382,28671032127
3130261,41342,9178541,109818708655
3130262,17448,5418437,2457538702
3130263,5056,574835,6643566365
3130264,11850,8482867,2545032071
3130265,2768,4782207,14665746731
3130266,3516,2565516,11385218191
3130267,5294,4651709,405316832
3130268,33940,7473884,31539976838
3130269,2490,1144781,1288146768
3130270,1052,2394438,3742528123
3130271,11814,11212463,73320352044
3130272,212,1076353,1013779051
3130273,15876,28682973,153801522097
3130274,16604,17896736,79783004546
3130275,8538,7360895,23771239846
3130276,1376,3090108,847456715
3130277,29926,5435062,3289095750
3130278,17126,6634265,9727063232
3130279,47270,12940145,32875566432
3130280,5776,841799,20000000
3130281,1824,1328417,1761884387
3130282,7262,2182861,632485207
3130283,9354,19373610,39732594071
3130284,202,1817743,600061929
3130285,17404,24054972,146107664756
3130286,772,2946249,1442264290
3130287,3484,31122713,12101077656
3130288,396,514001,773642407
3130289,8,1422346,1053017031
3130290,44134,15020147,121963083628
3130291,3748,845276,330317614
3130292,202,2244075,8473013728
3130293,9440,2716484,6474457553
3130294,13628,8881808,40269606376
3130295,29418,7454800,77218332937
3130296,3804,1281627,66426531
3130301,3952,1517809,7287224245
3130302,5940,1256844,10602577377
3130303,24718,10180694,149891511828
3130304,8,662571,2049785198
3130305,1908,908228,521344760
3130306,9032,8041603,24607902772
3130307,718,2235620,15992990734
3130308,1656,940302,8949808993
3130310,2200,4878293,73172304686
3130311,53402,22857092,150164667392
3130312,20422,8745825,89945264113
3130313,118006,25857369,91846232924
3130314,85338,38531387,39998722103
3130315,27016,15706115,84246714782
3130316,2328,2325097,21104027396
3130317,23524,16815692,43820305494
3130318,15994,13243729,172961846867
3130319,27316,17894739,19236487277
3130320,21104,7643168,75555271056
3130321,29328,5993056,2668651835
3130322,16472,4966480,10484673494
3130323,34006,7158213,65692314522
3130324,25426,12416102,36337181533
3130325,41962,6857526,19287086416
3130326,21712,2725166,74199838303
3130327,58,1624258,70128101361
